{
  "results": [
    {
      "command": "python main.py --array -d 1 ",
      "mean": 0.14935695444842104,
      "stddev": 0.003635154301893452,
      "median": 0.14859070408,
      "user": 1.4928176905263157,
      "system": 0.02519973157894737,
      "min": 0.14644602907999998,
      "max": 0.16207365408,
      "times": [
        0.15082037308,
        0.14843441108,
        0.14800688507999998,
        0.14731396508,
        0.14887192508,
        0.14897540008,
        0.14918867708,
        0.16207365408,
        0.14859070408,
        0.14659686108,
        0.15493424708,
        0.14974155808,
        0.14930836208,
        0.14955992008,
        0.14690159808,
        0.14688548908,
        0.14723636208,
        0.14789571308,
        0.14644602907999998
      ],
      "memory_usage_byte": [
        41058304,
        41058304,
        41058304,
        41115648,
        41115648,
        41115648,
        41115648,
        41115648,
        41115648,
        41115648,
        41115648,
        41115648,
        41115648,
        41115648,
        41115648,
        41115648,
        41115648,
        41115648,
        41115648
      ],
      "exit_codes": [
        0,
        0,
        0,
        0,
        0,
        0,
        0,
        0,
        0,
        0,
        0,
        0,
        0,
        0,
        0,
        0,
        0,
        0,
        0
      ]
    }
  ]
}
