{
  "results": [
    {
      "command": "python main.py --trie -d 1 ",
      "mean": 0.15032311374315788,
      "stddev": 0.005120752976478851,
      "median": 0.14856263148,
      "user": 1.4945178094736842,
      "system": 0.025590645263157897,
      "min": 0.14716380548000002,
      "max": 0.16910351548000002,
      "times": [
        0.14931739648,
        0.14795496948,
        0.15032751048,
        0.14875597248000003,
        0.14716380548000002,
        0.14882011548000001,
        0.15335149748000002,
        0.15013244648000001,
        0.14802746748,
        0.14736896748000003,
        0.14719662748,
        0.16910351548000002,
        0.15292407948000003,
        0.14757972148,
        0.14838609448,
        0.14719681848000002,
        0.14820580948,
        0.15576371448,
        0.14856263148
      ],
      "memory_usage_byte": [
        41275392,
        41275392,
        41275392,
        41275392,
        41275392,
        41275392,
        41275392,
        41275392,
        41275392,
        41275392,
        41275392,
        41275392,
        41275392,
        41275392,
        41275392,
        41275392,
        41275392,
        41275392,
        41275392
      ],
      "exit_codes": [
        0,
        0,
        0,
        0,
        0,
        0,
        0,
        0,
        0,
        0,
        0,
        0,
        0,
        0,
        0,
        0,
        0,
        0,
        0
      ]
    }
  ]
}
