{
  "results": [
    {
      "command": "python main.py --array -d 2",
      "mean": 2.60058115488,
      "stddev": 0.015235837803380718,
      "median": 2.59709966728,
      "user": 3.9284484199999996,
      "system": 0.031690499999999996,
      "min": 2.5800422432800003,
      "max": 2.61876502628,
      "times": [
        2.61876502628,
        2.59709966728,
        2.5949300062800003,
        2.5800422432800003,
        2.6120688312800002
      ],
      "memory_usage_byte": [
        44896256,
        44896256,
        44896256,
        44912640,
        44912640
      ],
      "exit_codes": [
        0,
        0,
        0,
        0,
        0
      ]
    },
    {
      "command": "python main.py --trie -d 2 -i",
      "mean": 0.17346753671749998,
      "stddev": 0.002597848962666357,
      "median": 0.17300653078000003,
      "user": 1.5415097324999998,
      "system": 0.026183350000000005,
      "min": 0.16892287528000002,
      "max": 0.18049107628000002,
      "times": [
        0.17442258228000002,
        0.17067956128000003,
        0.17185137328000002,
        0.17257773228,
        0.16892287528000002,
        0.17292851928000003,
        0.17593104528000003,
        0.17271473928000003,
        0.17319491728000003,
        0.17205286128000002,
        0.17400833928,
        0.18049107628000002,
        0.17631851128000003,
        0.17231723628,
        0.17308454228000003,
        0.17398467528000003
      ],
      "memory_usage_byte": [
        44912640,
        44912640,
        44912640,
        44912640,
        44912640,
        44912640,
        44912640,
        44912640,
        44912640,
        44912640,
        44912640,
        44912640,
        44912640,
        44912640,
        44912640,
        44912640
      ],
      "exit_codes": [
        0,
        0,
        0,
        0,
        0,
        0,
        0,
        0,
        0,
        0,
        0,
        0,
        0,
        0,
        0,
        0
      ]
    }
  ]
}
