{
  "results": [
    {
      "command": "python main.py --array -d 1",
      "mean": 0.15068869749789476,
      "stddev": 0.0012377703511451225,
      "median": 0.15022925534,
      "user": 1.5184583631578945,
      "system": 0.026646749473684214,
      "min": 0.14882085634,
      "max": 0.15346745134,
      "times": [
        0.15047595534,
        0.15346745134,
        0.15006468134,
        0.14882085634,
        0.15107771434,
        0.15111523434,
        0.14997199734,
        0.15008481734,
        0.15300022234,
        0.14981501634,
        0.14989495934,
        0.15022925534,
        0.15310876334,
        0.15009761134,
        0.15025564534,
        0.15008076034,
        0.15125869034,
        0.15031596534,
        0.14994965534
      ],
      "memory_usage_byte": [
        41668608,
        41668608,
        41668608,
        41668608,
        41668608,
        41668608,
        41668608,
        41668608,
        41668608,
        41668608,
        41697280,
        41697280,
        41697280,
        41697280,
        41697280,
        41697280,
        41697280,
        41697280,
        41697280
      ],
      "exit_codes": [
        0,
        0,
        0,
        0,
        0,
        0,
        0,
        0,
        0,
        0,
        0,
        0,
        0,
        0,
        0,
        0,
        0,
        0,
        0
      ]
    },
    {
      "command": "python main.py --trie -d 1 -i",
      "mean": 0.15055646460315789,
      "stddev": 0.0009725300797276092,
      "median": 0.15033064334,
      "user": 1.5209332578947368,
      "system": 0.02489064421052632,
      "min": 0.14915744834,
      "max": 0.15292736534,
      "times": [
        0.15067992334,
        0.15292736534,
        0.15020034434,
        0.14984986834,
        0.15013006034,
        0.15156214534,
        0.15033064334,
        0.15079113934,
        0.15194272234,
        0.15089182534,
        0.14933448834,
        0.14967066434,
        0.15159932334,
        0.15115052734,
        0.15081901134,
        0.14985367734,
        0.14915744834,
        0.15012891634,
        0.14955273334
      ],
      "memory_usage_byte": [
        41697280,
        41697280,
        41697280,
        41697280,
        41697280,
        41730048,
        41730048,
        41730048,
        41730048,
        41730048,
        41730048,
        41730048,
        41730048,
        41730048,
        41840640,
        41840640,
        41840640,
        41840640,
        41840640
      ],
      "exit_codes": [
        0,
        0,
        0,
        0,
        0,
        0,
        0,
        0,
        0,
        0,
        0,
        0,
        0,
        0,
        0,
        0,
        0,
        0,
        0
      ]
    }
  ]
}
