{
  "results": [
    {
      "command": "python main.py --array -d 3",
      "mean": 0.30062034477111116,
      "stddev": 0.0016942395967909443,
      "median": 0.30087914666000004,
      "user": 1.6583117844444442,
      "system": 0.03182017111111111,
      "min": 0.29754839666000005,
      "max": 0.30279376866,
      "times": [
        0.29957420466000007,
        0.30122558866000004,
        0.30087914666000004,
        0.29754839666000005,
        0.30279376866,
        0.30028270766000004,
        0.30181997466000005,
        0.29904172566000004,
        0.30241758966000004
      ],
      "memory_usage_byte": [
        51458048,
        51458048,
        51458048,
        51458048,
        51458048,
        51458048,
        51458048,
        51458048,
        51458048
      ],
      "exit_codes": [
        0,
        0,
        0,
        0,
        0,
        0,
        0,
        0,
        0
      ]
    },
    {
      "command": "python main.py --trie -d 3 -i",
      "mean": 0.31884454666,
      "stddev": 0.017367697879025208,
      "median": 0.32506880966000007,
      "user": 1.6806798955555555,
      "system": 0.031887059999999995,
      "min": 0.28824973366000006,
      "max": 0.33697032766000007,
      "times": [
        0.32808179966000006,
        0.29636693266,
        0.33341559466000004,
        0.28824973366000006,
        0.33405032766000003,
        0.33697032766000007,
        0.31706817366000006,
        0.32506880966000007,
        0.31032922066000007
      ],
      "memory_usage_byte": [
        54939648,
        54939648,
        54939648,
        54939648,
        54939648,
        55099392,
        55099392,
        55099392,
        55099392
      ],
      "exit_codes": [
        0,
        0,
        0,
        0,
        0,
        0,
        0,
        0,
        0
      ]
    }
  ]
}
