{
  "results": [
    {
      "command": "python main.py --array -d 3",
      "mean": 0.29927561755999993,
      "stddev": 0.0019097197839626743,
      "median": 0.29925660606,
      "user": 1.66494426,
      "system": 0.03220402,
      "min": 0.29673018856,
      "max": 0.30280476656,
      "times": [
        0.29673018856,
        0.30280476656,
        0.29745557756,
        0.30084160956,
        0.30099055656,
        0.29847931456,
        0.29953184856,
        0.29971555056,
        0.29898136356,
        0.29722539956
      ],
      "memory_usage_byte": [
        51261440,
        51425280,
        51425280,
        51425280,
        51425280,
        51425280,
        51425280,
        51425280,
        51425280,
        51425280
      ],
      "exit_codes": [
        0,
        0,
        0,
        0,
        0,
        0,
        0,
        0,
        0,
        0
      ]
    },
    {
      "command": "python main.py --trie -d 3 -i",
      "mean": 0.3426509922266667,
      "stddev": 0.02690588817811456,
      "median": 0.33618334756,
      "user": 1.6867039933333332,
      "system": 0.03205744222222222,
      "min": 0.31301413356,
      "max": 0.39446917056,
      "times": [
        0.31821274656,
        0.31301413356,
        0.39446917056,
        0.36454327456,
        0.32133886956,
        0.33618334756,
        0.36443178956,
        0.34246725556,
        0.32919834256
      ],
      "memory_usage_byte": [
        54501376,
        54501376,
        54501376,
        54534144,
        54534144,
        54906880,
        54906880,
        54906880,
        54906880
      ],
      "exit_codes": [
        0,
        0,
        0,
        0,
        0,
        0,
        0,
        0,
        0
      ]
    }
  ]
}
