{
  "results": [
    {
      "command": "python main.py --array -d 1",
      "mean": 0.1512898163905263,
      "stddev": 0.001283548097245613,
      "median": 0.15079778118,
      "user": 1.5202520684210523,
      "system": 0.024723674736842106,
      "min": 0.14992476718,
      "max": 0.15456473518,
      "times": [
        0.15456473518,
        0.15061841718000002,
        0.15206676218,
        0.14992476718,
        0.14997542018,
        0.15072811618,
        0.15124577218000002,
        0.15054773318,
        0.15164703318,
        0.15290395418,
        0.15373261518,
        0.15071701318,
        0.15025400618,
        0.15079778118,
        0.15097926618000002,
        0.15015902118000002,
        0.15045026918,
        0.15096277518,
        0.15223105318000002
      ],
      "memory_usage_byte": [
        41713664,
        41713664,
        41725952,
        41725952,
        41725952,
        41725952,
        41734144,
        41734144,
        41734144,
        41734144,
        41734144,
        41734144,
        41734144,
        41734144,
        41734144,
        41734144,
        41734144,
        41734144,
        41803776
      ],
      "exit_codes": [
        0,
        0,
        0,
        0,
        0,
        0,
        0,
        0,
        0,
        0,
        0,
        0,
        0,
        0,
        0,
        0,
        0,
        0,
        0
      ]
    },
    {
      "command": "python main.py --trie -d 1 -i",
      "mean": 0.15404397412736845,
      "stddev": 0.004852093702570225,
      "median": 0.15259065918,
      "user": 1.5222482263157893,
      "system": 0.023406832631578944,
      "min": 0.15088547918,
      "max": 0.17167620518,
      "times": [
        0.15088547918,
        0.15595731318,
        0.15144117418,
        0.15135042518,
        0.15101610518,
        0.15344978918000002,
        0.15682641518,
        0.15136247518,
        0.15141614418000002,
        0.15938710118000002,
        0.15539024818,
        0.15189329118,
        0.15282035318,
        0.15259065918,
        0.15140663218,
        0.15297873618000002,
        0.15357855018,
        0.17167620518,
        0.15140841118
      ],
      "memory_usage_byte": [
        41803776,
        41803776,
        41803776,
        41803776,
        41803776,
        41803776,
        41803776,
        41803776,
        41803776,
        41803776,
        41803776,
        41803776,
        41803776,
        41803776,
        41803776,
        41865216,
        41865216,
        41865216,
        41865216
      ],
      "exit_codes": [
        0,
        0,
        0,
        0,
        0,
        0,
        0,
        0,
        0,
        0,
        0,
        0,
        0,
        0,
        0,
        0,
        0,
        0,
        0
      ]
    }
  ]
}
