{
  "results": [
    {
      "command": "python main.py --array -d 1",
      "mean": 0.18248951348000006,
      "stddev": 0.0021766967315006657,
      "median": 0.18216742088,
      "user": 1.5488748266666665,
      "system": 0.02727331333333333,
      "min": 0.17983308588000002,
      "max": 0.18840524988000001,
      "times": [
        0.18543402088000002,
        0.18216742088,
        0.18100688988000002,
        0.18346480788000002,
        0.18105702488000003,
        0.18070731988000002,
        0.18217837188000002,
        0.18115304388000003,
        0.17983308588000002,
        0.18173143588000001,
        0.18840524988000001,
        0.18136994988000002,
        0.18235796888000003,
        0.18430555288000003,
        0.18217055888000003
      ],
      "memory_usage_byte": [
        41947136,
        41947136,
        41947136,
        41967616,
        41967616,
        41967616,
        41967616,
        41996288,
        41996288,
        41996288,
        41996288,
        41996288,
        41996288,
        42029056,
        42029056
      ],
      "exit_codes": [
        0,
        0,
        0,
        0,
        0,
        0,
        0,
        0,
        0,
        0,
        0,
        0,
        0,
        0,
        0
      ]
    },
    {
      "command": "python main.py --trie -d 1 -i",
      "mean": 0.15298798251157897,
      "stddev": 0.0013295615989442672,
      "median": 0.15245862188000003,
      "user": 1.5211676336842104,
      "system": 0.02642939052631579,
      "min": 0.15091622788000003,
      "max": 0.15619095388,
      "times": [
        0.15233436888000002,
        0.15231075488,
        0.15244820288000002,
        0.15300134788000003,
        0.15192989288000003,
        0.15126591088000002,
        0.15245862188000003,
        0.15358507888000003,
        0.15310490088000003,
        0.15396721388,
        0.15619095388,
        0.15497868588000002,
        0.15430811188000002,
        0.15421536888,
        0.15233403988000002,
        0.15091622788000003,
        0.15183088888000001,
        0.15361516688000001,
        0.15197592988000003
      ],
      "memory_usage_byte": [
        42029056,
        42029056,
        42029056,
        42029056,
        42029056,
        42029056,
        42029056,
        42029056,
        42029056,
        42029056,
        42029056,
        42029056,
        42029056,
        42029056,
        42029056,
        42029056,
        42029056,
        42029056,
        42029056
      ],
      "exit_codes": [
        0,
        0,
        0,
        0,
        0,
        0,
        0,
        0,
        0,
        0,
        0,
        0,
        0,
        0,
        0,
        0,
        0,
        0,
        0
      ]
    }
  ]
}
