{
  "results": [
    {
      "command": "python main.py --array -d 2",
      "mean": 0.1681255097517647,
      "stddev": 0.0058371683166515255,
      "median": 0.16690630534,
      "user": 1.5329197694117647,
      "system": 0.023521490588235296,
      "min": 0.16429016634000002,
      "max": 0.19024600334000002,
      "times": [
        0.16685403734,
        0.16429016634000002,
        0.16451437334000002,
        0.16530539534000002,
        0.16618179734000002,
        0.16871534834000002,
        0.16692159334,
        0.16907975034,
        0.16697359034,
        0.16736455734000003,
        0.16657804434,
        0.16810784834,
        0.16691090434,
        0.16690630534,
        0.19024600334000002,
        0.16640167634,
        0.16678227434
      ],
      "memory_usage_byte": [
        42557440,
        42557440,
        42557440,
        42557440,
        42557440,
        42557440,
        42557440,
        42557440,
        42557440,
        42557440,
        42557440,
        42557440,
        42557440,
        42557440,
        42557440,
        42557440,
        42557440
      ],
      "exit_codes": [
        0,
        0,
        0,
        0,
        0,
        0,
        0,
        0,
        0,
        0,
        0,
        0,
        0,
        0,
        0,
        0,
        0
      ]
    },
    {
      "command": "python main.py --trie -d 2 -i",
      "mean": 0.17025369163411766,
      "stddev": 0.003215243749425322,
      "median": 0.17059694334,
      "user": 1.5414997105882353,
      "system": 0.027278431764705877,
      "min": 0.16419740334000002,
      "max": 0.17526934034000002,
      "times": [
        0.16883584534,
        0.17526934034000002,
        0.16546400034,
        0.17058420234000002,
        0.17349352534,
        0.16971410034,
        0.17299028834000002,
        0.16419740334000002,
        0.16632949134000002,
        0.17450821734000002,
        0.16768789934,
        0.17065391034000002,
        0.17224269734,
        0.17059694334,
        0.17319758434000002,
        0.17090564534000002,
        0.16764166334000002
      ],
      "memory_usage_byte": [
        43053056,
        43053056,
        43114496,
        43114496,
        43114496,
        43114496,
        43114496,
        43114496,
        43114496,
        43114496,
        43114496,
        43114496,
        43114496,
        43114496,
        43114496,
        43114496,
        43114496
      ],
      "exit_codes": [
        0,
        0,
        0,
        0,
        0,
        0,
        0,
        0,
        0,
        0,
        0,
        0,
        0,
        0,
        0,
        0,
        0
      ]
    }
  ]
}
