{
  "results": [
    {
      "command": "python main.py --array -d 2",
      "mean": 0.16817149534823528,
      "stddev": 0.004663103604972445,
      "median": 0.16740566876000001,
      "user": 1.5354505376470586,
      "system": 0.024882787058823526,
      "min": 0.16510873376000001,
      "max": 0.18539901576,
      "times": [
        0.16728783576,
        0.16768893376,
        0.16834604476,
        0.16782912076,
        0.17015451376000001,
        0.16740566876000001,
        0.16862692376,
        0.16883125776,
        0.16633531776,
        0.18539901576,
        0.16521505876,
        0.16593632076,
        0.16510873376000001,
        0.16533246276,
        0.16749032576,
        0.16611038876,
        0.16581749776000002
      ],
      "memory_usage_byte": [
        42594304,
        42594304,
        42594304,
        42594304,
        42594304,
        42635264,
        42635264,
        42635264,
        42635264,
        42635264,
        42635264,
        42635264,
        42635264,
        42635264,
        42635264,
        42635264,
        42635264
      ],
      "exit_codes": [
        0,
        0,
        0,
        0,
        0,
        0,
        0,
        0,
        0,
        0,
        0,
        0,
        0,
        0,
        0,
        0,
        0
      ]
    },
    {
      "command": "python main.py --trie -d 2 -i",
      "mean": 0.17457042028941175,
      "stddev": 0.007581117013603389,
      "median": 0.17218280476,
      "user": 1.533549478823529,
      "system": 0.02705490470588235,
      "min": 0.16653575976,
      "max": 0.19199573476,
      "times": [
        0.17317926476,
        0.17082658176,
        0.19199573476,
        0.17218280476,
        0.16653575976,
        0.16733066576,
        0.16700225576,
        0.18396916076,
        0.19187711076,
        0.17377632176,
        0.17442742476,
        0.17186890776,
        0.17363425476,
        0.17186387676,
        0.17173306576,
        0.17193359576,
        0.17356035876
      ],
      "memory_usage_byte": [
        43130880,
        43130880,
        43130880,
        43130880,
        43130880,
        43180032,
        43180032,
        43180032,
        43180032,
        43180032,
        43180032,
        43180032,
        43180032,
        43180032,
        43180032,
        43180032,
        43180032
      ],
      "exit_codes": [
        0,
        0,
        0,
        0,
        0,
        0,
        0,
        0,
        0,
        0,
        0,
        0,
        0,
        0,
        0,
        0,
        0
      ]
    }
  ]
}
